name,providers,prices
0012 - Level I Debridement & Destruction,10001,456.17
0012 - Level I Debridement & Destruction,10005,281.65
0012 - Level I Debridement & Destruction,10007,594.35
0012 - Level I Debridement & Destruction,10008,868.95
0012 - Level I Debridement & Destruction,10016,248.59
0012 - Level I Debridement & Destruction,10024,528.34
0012 - Level I Debridement & Destruction,10033,342.23
0012 - Level I Debridement & Destruction,10035,371.9
0012 - Level I Debridement & Destruction,10038,298.56
0012 - Level I Debridement & Destruction,10040,764.73
0012 - Level I Debridement & Destruction,10046,981.14
0012 - Level I Debridement & Destruction,10055,419.98
0012 - Level I Debridement & Destruction,10065,205.76
0012 - Level I Debridement & Destruction,10083,1174.7
0012 - Level I Debridement & Destruction,10085,642.57
0012 - Level I Debridement & Destruction,10090,249
0012 - Level I Debridement & Destruction,10092,170.09
0012 - Level I Debridement & Destruction,10103,386.5
0012 - Level I Debridement & Destruction,10113,119.45
0012 - Level I Debridement & Destruction,10130,183.8
0012 - Level I Debridement & Destruction,10144,396.52
0012 - Level I Debridement & Destruction,20001,288.94
0012 - Level I Debridement & Destruction,20012,150.34
0012 - Level I Debridement & Destruction,20024,216.86
0012 - Level I Debridement & Destruction,30002,383.83
0012 - Level I Debridement & Destruction,30006,228
0012 - Level I Debridement & Destruction,30010,224.7
0012 - Level I Debridement & Destruction,30011,184.84
0012 - Level I Debridement & Destruction,30012,356
0012 - Level I Debridement & Destruction,30013,691.83
0012 - Level I Debridement & Destruction,30022,418.55
0012 - Level I Debridement & Destruction,30037,511.02
0012 - Level I Debridement & Destruction,30038,362.55
0012 - Level I Debridement & Destruction,30062,403.43
0012 - Level I Debridement & Destruction,30064,873.8
0012 - Level I Debridement & Destruction,30069,555.37
0012 - Level I Debridement & Destruction,30083,386.01
0012 - Level I Debridement & Destruction,30085,282.14
0012 - Level I Debridement & Destruction,30088,815.8
0012 - Level I Debridement & Destruction,30094,327.08
0012 - Level I Debridement & Destruction,30111,139.18
0012 - Level I Debridement & Destruction,30121,274.12
0012 - Level I Debridement & Destruction,40004,376.06
0012 - Level I Debridement & Destruction,40007,893.43
0012 - Level I Debridement & Destruction,40014,146.5
0012 - Level I Debridement & Destruction,40016,353.17
0012 - Level I Debridement & Destruction,40017,250.8
0012 - Level I Debridement & Destruction,40022,298.26
0012 - Level I Debridement & Destruction,40026,400.18
0012 - Level I Debridement & Destruction,40036,174.95
0012 - Level I Debridement & Destruction,40050,347.88
0012 - Level I Debridement & Destruction,40055,330.99
0012 - Level I Debridement & Destruction,40062,218.63
0012 - Level I Debridement & Destruction,40067,129.91
0012 - Level I Debridement & Destruction,40071,362.46
0012 - Level I Debridement & Destruction,40074,280.98
0012 - Level I Debridement & Destruction,40088,551.32
0012 - Level I Debridement & Destruction,40118,169.2
0012 - Level I Debridement & Destruction,40119,398.55
0012 - Level I Debridement & Destruction,50024,346.45
0012 - Level I Debridement & Destruction,50025,308.04
0012 - Level I Debridement & Destruction,50026,287.42
0012 - Level I Debridement & Destruction,50036,278.58
0012 - Level I Debridement & Destruction,50039,393.72
0012 - Level I Debridement & Destruction,50056,457.94
0012 - Level I Debridement & Destruction,50057,220.22
0012 - Level I Debridement & Destruction,50060,494.91
0012 - Level I Debridement & Destruction,50077,1872.25
0012 - Level I Debridement & Destruction,50090,577.44
0012 - Level I Debridement & Destruction,50093,513.49
0012 - Level I Debridement & Destruction,50108,177.91
0012 - Level I Debridement & Destruction,50113,242.69
0012 - Level I Debridement & Destruction,50118,495.92
0012 - Level I Debridement & Destruction,50125,344.71
0012 - Level I Debridement & Destruction,50126,371.18
0012 - Level I Debridement & Destruction,50150,275.13
0012 - Level I Debridement & Destruction,50153,460.35
0012 - Level I Debridement & Destruction,50180,518.37
0012 - Level I Debridement & Destruction,50194,1175.9
0012 - Level I Debridement & Destruction,50195,689.81
0012 - Level I Debridement & Destruction,50211,365.87
0012 - Level I Debridement & Destruction,50224,213
0012 - Level I Debridement & Destruction,50225,491.38
0012 - Level I Debridement & Destruction,50243,356.02
0012 - Level I Debridement & Destruction,50254,559.47
0012 - Level I Debridement & Destruction,50261,376
0012 - Level I Debridement & Destruction,50262,238.71
0012 - Level I Debridement & Destruction,50280,273.17
0012 - Level I Debridement & Destruction,50300,317.05
0012 - Level I Debridement & Destruction,50301,477.95
0012 - Level I Debridement & Destruction,50309,237.95
0012 - Level I Debridement & Destruction,50335,162.93
0012 - Level I Debridement & Destruction,50348,321.35
0012 - Level I Debridement & Destruction,50367,259.49
0012 - Level I Debridement & Destruction,50380,1294.35
0012 - Level I Debridement & Destruction,50394,161.43
0012 - Level I Debridement & Destruction,50441,798.81
0012 - Level I Debridement & Destruction,50454,262.32
0012 - Level I Debridement & Destruction,50457,252.44
0012 - Level I Debridement & Destruction,50498,194.15
0012 - Level I Debridement & Destruction,50551,333.38
0012 - Level I Debridement & Destruction,50573,218.36
0012 - Level I Debridement & Destruction,50580,277.81
0012 - Level I Debridement & Destruction,50599,450.73
0012 - Level I Debridement & Destruction,50616,356.47
0012 - Level I Debridement & Destruction,50688,757.23
0012 - Level I Debridement & Destruction,50689,375.07
0012 - Level I Debridement & Destruction,50696,445.07
0012 - Level I Debridement & Destruction,50742,479.83
0012 - Level I Debridement & Destruction,50755,702.73
0012 - Level I Debridement & Destruction,50764,302.39
0012 - Level I Debridement & Destruction,50770,399.41
0012 - Level I Debridement & Destruction,60001,619.76
0012 - Level I Debridement & Destruction,60010,298.48
0012 - Level I Debridement & Destruction,60012,264.02
0012 - Level I Debridement & Destruction,60014,736.43
0012 - Level I Debridement & Destruction,60015,973.85
0012 - Level I Debridement & Destruction,60016,478
0012 - Level I Debridement & Destruction,60020,347.31
0012 - Level I Debridement & Destruction,60022,320.68
0012 - Level I Debridement & Destruction,60023,205.39
0012 - Level I Debridement & Destruction,60024,438.33
0012 - Level I Debridement & Destruction,60027,198.67
0012 - Level I Debridement & Destruction,60030,306.62
0012 - Level I Debridement & Destruction,60031,727.22
0012 - Level I Debridement & Destruction,60034,395.59
0012 - Level I Debridement & Destruction,60036,212.3
0012 - Level I Debridement & Destruction,60064,771.85
0012 - Level I Debridement & Destruction,60104,257.65
0012 - Level I Debridement & Destruction,60114,801.02
0012 - Level I Debridement & Destruction,70002,938.6
0012 - Level I Debridement & Destruction,70003,237.71
0012 - Level I Debridement & Destruction,70007,192
0012 - Level I Debridement & Destruction,70008,357.17
0012 - Level I Debridement & Destruction,70010,580.72
0012 - Level I Debridement & Destruction,70011,140.58
0012 - Level I Debridement & Destruction,70018,252.55
0012 - Level I Debridement & Destruction,70022,1247.12
0012 - Level I Debridement & Destruction,70028,205.29
0012 - Level I Debridement & Destruction,70029,232.3
0012 - Level I Debridement & Destruction,70034,280.81
0012 - Level I Debridement & Destruction,70036,274.8
0012 - Level I Debridement & Destruction,70039,213.87
0012 - Level I Debridement & Destruction,80001,752.85
0012 - Level I Debridement & Destruction,80004,333.58
0012 - Level I Debridement & Destruction,90001,268.75
0012 - Level I Debridement & Destruction,90004,279.66
0012 - Level I Debridement & Destruction,100006,842.86
0012 - Level I Debridement & Destruction,100007,951.03
0012 - Level I Debridement & Destruction,100009,618.6
0012 - Level I Debridement & Destruction,100012,504.07
0012 - Level I Debridement & Destruction,100014,232.5
0012 - Level I Debridement & Destruction,100018,671.28
0012 - Level I Debridement & Destruction,100019,437.43
0012 - Level I Debridement & Destruction,100022,402.36
0012 - Level I Debridement & Destruction,100023,307.86
0012 - Level I Debridement & Destruction,100025,290.98
0012 - Level I Debridement & Destruction,100026,361.36
0012 - Level I Debridement & Destruction,100030,465.04
0012 - Level I Debridement & Destruction,100032,1250.98
0012 - Level I Debridement & Destruction,100039,2125.04
0012 - Level I Debridement & Destruction,100040,299.82
0012 - Level I Debridement & Destruction,100044,922.19
0012 - Level I Debridement & Destruction,100046,167.51
0012 - Level I Debridement & Destruction,100047,1872.57
0012 - Level I Debridement & Destruction,100049,855.94
0012 - Level I Debridement & Destruction,100051,370.85
0012 - Level I Debridement & Destruction,100055,161.72
0012 - Level I Debridement & Destruction,100057,237.9
0012 - Level I Debridement & Destruction,100068,224.53
0012 - Level I Debridement & Destruction,100070,442.11
0012 - Level I Debridement & Destruction,100071,770.96
0012 - Level I Debridement & Destruction,100072,309.9
0012 - Level I Debridement & Destruction,100073,228.79
0012 - Level I Debridement & Destruction,100084,236.08
0012 - Level I Debridement & Destruction,100087,321.27
0012 - Level I Debridement & Destruction,100092,458.17
0012 - Level I Debridement & Destruction,100093,189.14
0012 - Level I Debridement & Destruction,100105,159.54
0012 - Level I Debridement & Destruction,100109,199.16
0012 - Level I Debridement & Destruction,100110,561.2
0012 - Level I Debridement & Destruction,100117,262.81
0012 - Level I Debridement & Destruction,100118,335.59
0012 - Level I Debridement & Destruction,100122,485.04
0012 - Level I Debridement & Destruction,100124,1390.06
0012 - Level I Debridement & Destruction,100135,272.77
0012 - Level I Debridement & Destruction,100157,426.6
0012 - Level I Debridement & Destruction,100168,276.11
0012 - Level I Debridement & Destruction,100173,470.64
0012 - Level I Debridement & Destruction,100179,934.83
0012 - Level I Debridement & Destruction,100204,859.67
0012 - Level I Debridement & Destruction,100206,443.54
0012 - Level I Debridement & Destruction,100212,598.58
0012 - Level I Debridement & Destruction,100217,1620.23
0012 - Level I Debridement & Destruction,100223,546.46
0012 - Level I Debridement & Destruction,100242,433.35
0012 - Level I Debridement & Destruction,100248,400.54
0012 - Level I Debridement & Destruction,100249,431.74
0012 - Level I Debridement & Destruction,100252,1204.05
0012 - Level I Debridement & Destruction,100254,1212.73
0012 - Level I Debridement & Destruction,100256,329.99
0012 - Level I Debridement & Destruction,100260,682.68
0012 - Level I Debridement & Destruction,100267,200.79
0012 - Level I Debridement & Destruction,100275,341.27
0012 - Level I Debridement & Destruction,100288,575.76
0012 - Level I Debridement & Destruction,100290,230.25
0012 - Level I Debridement & Destruction,100292,388.87
0012 - Level I Debridement & Destruction,100302,323.09
0012 - Level I Debridement & Destruction,100307,294.38
0012 - Level I Debridement & Destruction,110002,276.89
0012 - Level I Debridement & Destruction,110006,193
0012 - Level I Debridement & Destruction,110018,337.25
0012 - Level I Debridement & Destruction,110023,279.15
0012 - Level I Debridement & Destruction,110024,245.29
0012 - Level I Debridement & Destruction,110025,224.69
0012 - Level I Debridement & Destruction,110028,344.04
0012 - Level I Debridement & Destruction,110029,432
0012 - Level I Debridement & Destruction,110034,445.59
0012 - Level I Debridement & Destruction,110035,309.29
0012 - Level I Debridement & Destruction,110045,293.39
0012 - Level I Debridement & Destruction,110046,290.5
0012 - Level I Debridement & Destruction,110054,481.32
0012 - Level I Debridement & Destruction,110064,252.31
0012 - Level I Debridement & Destruction,110069,398.38
0012 - Level I Debridement & Destruction,110074,662.3
0012 - Level I Debridement & Destruction,110075,208.59
0012 - Level I Debridement & Destruction,110079,803.95
0012 - Level I Debridement & Destruction,110083,339.69
0012 - Level I Debridement & Destruction,110087,319.21
0012 - Level I Debridement & Destruction,110091,365.77
0012 - Level I Debridement & Destruction,110104,113.83
0012 - Level I Debridement & Destruction,110105,207.17
0012 - Level I Debridement & Destruction,110107,569.5
0012 - Level I Debridement & Destruction,110124,158.75
0012 - Level I Debridement & Destruction,110128,438.85
0012 - Level I Debridement & Destruction,110129,159.97
0012 - Level I Debridement & Destruction,110143,3745.62
0012 - Level I Debridement & Destruction,110168,341.21
0012 - Level I Debridement & Destruction,110177,7434.84
0012 - Level I Debridement & Destruction,110191,799.59
0012 - Level I Debridement & Destruction,110198,512.09
0012 - Level I Debridement & Destruction,110215,328.4
0012 - Level I Debridement & Destruction,110225,226.67
0012 - Level I Debridement & Destruction,110229,340.68
0012 - Level I Debridement & Destruction,120022,201.63
0012 - Level I Debridement & Destruction,130002,72.68
0012 - Level I Debridement & Destruction,130006,209.17
0012 - Level I Debridement & Destruction,130007,148.17
0012 - Level I Debridement & Destruction,130014,342.72
0012 - Level I Debridement & Destruction,130018,178.94
0012 - Level I Debridement & Destruction,130025,599.91
0012 - Level I Debridement & Destruction,130028,307.86
0012 - Level I Debridement & Destruction,130049,114.51
0012 - Level I Debridement & Destruction,130065,167.32
0012 - Level I Debridement & Destruction,130066,173.51
0012 - Level I Debridement & Destruction,140001,484.06
0012 - Level I Debridement & Destruction,140002,419.31
0012 - Level I Debridement & Destruction,140007,325.98
0012 - Level I Debridement & Destruction,140010,190.06
0012 - Level I Debridement & Destruction,140011,336.33
0012 - Level I Debridement & Destruction,140012,69.45
0012 - Level I Debridement & Destruction,140013,263
0012 - Level I Debridement & Destruction,140015,282.14
0012 - Level I Debridement & Destruction,140026,250.52
0012 - Level I Debridement & Destruction,140030,134.12
0012 - Level I Debridement & Destruction,140032,286.48
0012 - Level I Debridement & Destruction,140034,224.03
0012 - Level I Debridement & Destruction,140040,287.9
0012 - Level I Debridement & Destruction,140043,244.92
0012 - Level I Debridement & Destruction,140046,223.89
0012 - Level I Debridement & Destruction,140062,286.37
0012 - Level I Debridement & Destruction,140065,301.46
0012 - Level I Debridement & Destruction,140067,269.69
0012 - Level I Debridement & Destruction,140080,351.58
0012 - Level I Debridement & Destruction,140082,673.3
0012 - Level I Debridement & Destruction,140084,337.71
0012 - Level I Debridement & Destruction,140088,315.29
0012 - Level I Debridement & Destruction,140089,417.7
0012 - Level I Debridement & Destruction,140091,384.35
0012 - Level I Debridement & Destruction,140093,576.8
0012 - Level I Debridement & Destruction,140114,623.78
0012 - Level I Debridement & Destruction,140116,377.41
0012 - Level I Debridement & Destruction,140119,193.07
0012 - Level I Debridement & Destruction,140124,228.02
0012 - Level I Debridement & Destruction,140127,208.62
0012 - Level I Debridement & Destruction,140130,418.67
0012 - Level I Debridement & Destruction,140135,334.96
0012 - Level I Debridement & Destruction,140143,72.54
0012 - Level I Debridement & Destruction,140150,214.59
0012 - Level I Debridement & Destruction,140155,900.12
0012 - Level I Debridement & Destruction,140160,268.03
0012 - Level I Debridement & Destruction,140162,237.81
0012 - Level I Debridement & Destruction,140176,371.59
0012 - Level I Debridement & Destruction,140182,303.18
0012 - Level I Debridement & Destruction,140184,709.25
0012 - Level I Debridement & Destruction,140186,210.52
0012 - Level I Debridement & Destruction,140187,308.26
0012 - Level I Debridement & Destruction,140189,336.35
0012 - Level I Debridement & Destruction,140191,253.16
0012 - Level I Debridement & Destruction,140200,155.98
0012 - Level I Debridement & Destruction,140202,301.7
0012 - Level I Debridement & Destruction,140209,263
0012 - Level I Debridement & Destruction,140217,650.96
0012 - Level I Debridement & Destruction,140228,680.66
0012 - Level I Debridement & Destruction,140231,551.19
0012 - Level I Debridement & Destruction,140234,268.08
0012 - Level I Debridement & Destruction,140250,232
0012 - Level I Debridement & Destruction,140252,521.46
0012 - Level I Debridement & Destruction,140258,409.88
0012 - Level I Debridement & Destruction,140275,351.76
0012 - Level I Debridement & Destruction,140276,267.8
0012 - Level I Debridement & Destruction,140280,312.38
0012 - Level I Debridement & Destruction,140289,205.18
0012 - Level I Debridement & Destruction,140292,439.27
0012 - Level I Debridement & Destruction,140300,197.87
0012 - Level I Debridement & Destruction,140304,220.63
0012 - Level I Debridement & Destruction,150001,292.58
0012 - Level I Debridement & Destruction,150002,805.98
0012 - Level I Debridement & Destruction,150005,204
0012 - Level I Debridement & Destruction,150009,232.51
0012 - Level I Debridement & Destruction,150012,756.32
0012 - Level I Debridement & Destruction,150017,417.69
0012 - Level I Debridement & Destruction,150018,186.43
0012 - Level I Debridement & Destruction,150021,301.55
0012 - Level I Debridement & Destruction,150023,233.93
0012 - Level I Debridement & Destruction,150024,473.83
0012 - Level I Debridement & Destruction,150026,190.81
0012 - Level I Debridement & Destruction,150030,310.98
0012 - Level I Debridement & Destruction,150034,320.66
0012 - Level I Debridement & Destruction,150035,437.62
0012 - Level I Debridement & Destruction,150037,380.61
0012 - Level I Debridement & Destruction,150042,404.17
0012 - Level I Debridement & Destruction,150044,260.14
0012 - Level I Debridement & Destruction,150046,470.81
0012 - Level I Debridement & Destruction,150047,371.45
0012 - Level I Debridement & Destruction,150048,163.4
0012 - Level I Debridement & Destruction,150058,646.58
0012 - Level I Debridement & Destruction,150059,275.23
0012 - Level I Debridement & Destruction,150065,221.96
0012 - Level I Debridement & Destruction,150074,149.39
0012 - Level I Debridement & Destruction,150082,238.58
0012 - Level I Debridement & Destruction,150084,210.89
0012 - Level I Debridement & Destruction,150086,163.07
0012 - Level I Debridement & Destruction,150088,274.79
0012 - Level I Debridement & Destruction,150104,280.34
0012 - Level I Debridement & Destruction,150112,269.96
0012 - Level I Debridement & Destruction,150113,292
0012 - Level I Debridement & Destruction,150115,193.6
0012 - Level I Debridement & Destruction,150125,268.42
0012 - Level I Debridement & Destruction,150133,321.4
0012 - Level I Debridement & Destruction,160001,290.81
0012 - Level I Debridement & Destruction,160005,181.49
0012 - Level I Debridement & Destruction,160016,160.53
0012 - Level I Debridement & Destruction,160024,237.18
0012 - Level I Debridement & Destruction,160029,183.47
0012 - Level I Debridement & Destruction,160030,241.51
0012 - Level I Debridement & Destruction,160033,355.56
0012 - Level I Debridement & Destruction,160045,442.5
0012 - Level I Debridement & Destruction,160047,223.13
0012 - Level I Debridement & Destruction,160057,220.01
0012 - Level I Debridement & Destruction,160058,199.15
0012 - Level I Debridement & Destruction,160064,151.17
0012 - Level I Debridement & Destruction,160067,89.98
0012 - Level I Debridement & Destruction,160079,296.54
0012 - Level I Debridement & Destruction,160082,177.86
0012 - Level I Debridement & Destruction,160083,479.42
0012 - Level I Debridement & Destruction,160089,399.72
0012 - Level I Debridement & Destruction,160101,254.63
0012 - Level I Debridement & Destruction,160104,130.96
0012 - Level I Debridement & Destruction,160110,229.33
0012 - Level I Debridement & Destruction,160112,121.81
0012 - Level I Debridement & Destruction,160117,227.35
0012 - Level I Debridement & Destruction,160124,448.71
0012 - Level I Debridement & Destruction,170006,391.48
0012 - Level I Debridement & Destruction,170012,159.68
0012 - Level I Debridement & Destruction,170013,309.11
0012 - Level I Debridement & Destruction,170016,235.97
0012 - Level I Debridement & Destruction,170020,246.83
0012 - Level I Debridement & Destruction,170040,547.53
0012 - Level I Debridement & Destruction,170049,285.97
0012 - Level I Debridement & Destruction,170058,399.46
0012 - Level I Debridement & Destruction,170086,349.19
0012 - Level I Debridement & Destruction,170094,217.15
0012 - Level I Debridement & Destruction,170103,140.44
0012 - Level I Debridement & Destruction,170104,280.65
0012 - Level I Debridement & Destruction,170120,125.9
0012 - Level I Debridement & Destruction,170122,384.81
0012 - Level I Debridement & Destruction,170123,465.33
0012 - Level I Debridement & Destruction,170145,310.37
0012 - Level I Debridement & Destruction,170150,148.95
0012 - Level I Debridement & Destruction,170176,266.53
0012 - Level I Debridement & Destruction,170185,658.85
0012 - Level I Debridement & Destruction,180001,1186.36
0012 - Level I Debridement & Destruction,180009,301.57
0012 - Level I Debridement & Destruction,180010,303.69
0012 - Level I Debridement & Destruction,180017,492.77
0012 - Level I Debridement & Destruction,180018,168.92
0012 - Level I Debridement & Destruction,180035,1340.19
0012 - Level I Debridement & Destruction,180036,204.8
0012 - Level I Debridement & Destruction,180038,444.02
0012 - Level I Debridement & Destruction,180048,236.82
0012 - Level I Debridement & Destruction,180056,371.73
0012 - Level I Debridement & Destruction,180070,242.9
0012 - Level I Debridement & Destruction,180087,248.55
0012 - Level I Debridement & Destruction,180088,187.9
0012 - Level I Debridement & Destruction,180127,517.41
0012 - Level I Debridement & Destruction,180130,591.34
0012 - Level I Debridement & Destruction,180132,568.07
0012 - Level I Debridement & Destruction,190005,214.5
0012 - Level I Debridement & Destruction,190008,132.32
0012 - Level I Debridement & Destruction,190013,438.57
0012 - Level I Debridement & Destruction,190017,639.61
0012 - Level I Debridement & Destruction,190020,367.45
0012 - Level I Debridement & Destruction,190026,291.8
0012 - Level I Debridement & Destruction,190027,526.35
0012 - Level I Debridement & Destruction,190036,575.65
0012 - Level I Debridement & Destruction,190039,178.53
0012 - Level I Debridement & Destruction,190045,217.78
0012 - Level I Debridement & Destruction,190054,262.46
0012 - Level I Debridement & Destruction,190064,388.35
0012 - Level I Debridement & Destruction,190098,376.83
0012 - Level I Debridement & Destruction,190102,421.78
0012 - Level I Debridement & Destruction,190146,229.8
0012 - Level I Debridement & Destruction,190160,334.37
0012 - Level I Debridement & Destruction,200001,323.46
0012 - Level I Debridement & Destruction,200008,248.85
0012 - Level I Debridement & Destruction,200009,193.72
0012 - Level I Debridement & Destruction,200018,146.77
0012 - Level I Debridement & Destruction,200019,158.06
0012 - Level I Debridement & Destruction,200020,205.04
0012 - Level I Debridement & Destruction,200024,112.88
0012 - Level I Debridement & Destruction,200033,96.89
0012 - Level I Debridement & Destruction,200034,187.78
0012 - Level I Debridement & Destruction,200037,91.39
0012 - Level I Debridement & Destruction,200039,139.75
0012 - Level I Debridement & Destruction,200050,79.36
0012 - Level I Debridement & Destruction,200063,166.51
0012 - Level I Debridement & Destruction,220008,421.66
0012 - Level I Debridement & Destruction,220011,229.33
0012 - Level I Debridement & Destruction,220016,217.73
0012 - Level I Debridement & Destruction,220017,345.54
0012 - Level I Debridement & Destruction,220030,155.2
0012 - Level I Debridement & Destruction,220031,292.61
0012 - Level I Debridement & Destruction,220033,366.06
0012 - Level I Debridement & Destruction,220046,197.72
0012 - Level I Debridement & Destruction,220060,1645.23
0012 - Level I Debridement & Destruction,220063,245.75
0012 - Level I Debridement & Destruction,220066,378.29
0012 - Level I Debridement & Destruction,220071,403.69
0012 - Level I Debridement & Destruction,220073,210.54
0012 - Level I Debridement & Destruction,220074,743.51
0012 - Level I Debridement & Destruction,220075,830.86
0012 - Level I Debridement & Destruction,220077,224.45
0012 - Level I Debridement & Destruction,220080,253.39
0012 - Level I Debridement & Destruction,220084,165.65
0012 - Level I Debridement & Destruction,220086,232.98
0012 - Level I Debridement & Destruction,220095,231.61
0012 - Level I Debridement & Destruction,220100,312.2
0012 - Level I Debridement & Destruction,220110,981.02
0012 - Level I Debridement & Destruction,220111,227.27
0012 - Level I Debridement & Destruction,220116,448.87
0012 - Level I Debridement & Destruction,220163,297.14
0012 - Level I Debridement & Destruction,220171,721.6
0012 - Level I Debridement & Destruction,220175,413.27
0012 - Level I Debridement & Destruction,220176,387.35
0012 - Level I Debridement & Destruction,230004,93.52
0012 - Level I Debridement & Destruction,230005,253.33
0012 - Level I Debridement & Destruction,230015,460.28
0012 - Level I Debridement & Destruction,230017,292.9
0012 - Level I Debridement & Destruction,230019,268.88
0012 - Level I Debridement & Destruction,230021,219.91
0012 - Level I Debridement & Destruction,230029,400.82
0012 - Level I Debridement & Destruction,230030,295.39
0012 - Level I Debridement & Destruction,230036,183.43
0012 - Level I Debridement & Destruction,230038,746.97
0012 - Level I Debridement & Destruction,230046,214.48
0012 - Level I Debridement & Destruction,230047,300.29
0012 - Level I Debridement & Destruction,230053,157.59
0012 - Level I Debridement & Destruction,230054,158.11
0012 - Level I Debridement & Destruction,230055,187.93
0012 - Level I Debridement & Destruction,230059,331.15
0012 - Level I Debridement & Destruction,230066,228.87
0012 - Level I Debridement & Destruction,230072,206.74
0012 - Level I Debridement & Destruction,230075,358.96
0012 - Level I Debridement & Destruction,230077,286.44
0012 - Level I Debridement & Destruction,230080,215.84
0012 - Level I Debridement & Destruction,230085,143.96
0012 - Level I Debridement & Destruction,230092,215.76
0012 - Level I Debridement & Destruction,230095,316.17
0012 - Level I Debridement & Destruction,230096,197
0012 - Level I Debridement & Destruction,230097,232.03
0012 - Level I Debridement & Destruction,230108,223.36
0012 - Level I Debridement & Destruction,230117,142.3
0012 - Level I Debridement & Destruction,230118,192.03
0012 - Level I Debridement & Destruction,230121,144.8
0012 - Level I Debridement & Destruction,230132,249.02
0012 - Level I Debridement & Destruction,230133,155
0012 - Level I Debridement & Destruction,230141,414.32
0012 - Level I Debridement & Destruction,230142,105
0012 - Level I Debridement & Destruction,230156,1809.53
0012 - Level I Debridement & Destruction,230165,174
0012 - Level I Debridement & Destruction,230167,365.69
0012 - Level I Debridement & Destruction,230193,476.5
0012 - Level I Debridement & Destruction,230195,246.53
0012 - Level I Debridement & Destruction,230197,264.81
0012 - Level I Debridement & Destruction,230207,211.84
0012 - Level I Debridement & Destruction,230216,843.58
0012 - Level I Debridement & Destruction,230222,240.9
0012 - Level I Debridement & Destruction,230227,246.19
0012 - Level I Debridement & Destruction,230230,843.47
0012 - Level I Debridement & Destruction,230236,130.07
0012 - Level I Debridement & Destruction,230239,201.15
0012 - Level I Debridement & Destruction,230241,186.52
0012 - Level I Debridement & Destruction,230264,168.4
0012 - Level I Debridement & Destruction,230269,504.67
0012 - Level I Debridement & Destruction,230270,347.35
0012 - Level I Debridement & Destruction,230273,290.42
0012 - Level I Debridement & Destruction,240004,1560.81
0012 - Level I Debridement & Destruction,240006,105.42
0012 - Level I Debridement & Destruction,240010,543.74
0012 - Level I Debridement & Destruction,240018,148.82
0012 - Level I Debridement & Destruction,240019,167.62
0012 - Level I Debridement & Destruction,240020,145.43
0012 - Level I Debridement & Destruction,240022,113.02
0012 - Level I Debridement & Destruction,240030,150.29
0012 - Level I Debridement & Destruction,240036,363.61
0012 - Level I Debridement & Destruction,240038,479.38
0012 - Level I Debridement & Destruction,240040,225.37
0012 - Level I Debridement & Destruction,240043,161.67
0012 - Level I Debridement & Destruction,240044,68.63
0012 - Level I Debridement & Destruction,240047,172.39
0012 - Level I Debridement & Destruction,240052,175.55
0012 - Level I Debridement & Destruction,240056,146.55
0012 - Level I Debridement & Destruction,240057,316.17
0012 - Level I Debridement & Destruction,240064,113.25
0012 - Level I Debridement & Destruction,240075,177.65
0012 - Level I Debridement & Destruction,240078,530.14
0012 - Level I Debridement & Destruction,240080,298.72
0012 - Level I Debridement & Destruction,240084,151.89
0012 - Level I Debridement & Destruction,240101,165
0012 - Level I Debridement & Destruction,240115,395.19
0012 - Level I Debridement & Destruction,240166,182.9
0012 - Level I Debridement & Destruction,240187,70.35
0012 - Level I Debridement & Destruction,240210,296.87
0012 - Level I Debridement & Destruction,250004,1141.25
0012 - Level I Debridement & Destruction,250007,350.2
0012 - Level I Debridement & Destruction,250019,365.23
0012 - Level I Debridement & Destruction,250025,435.23
0012 - Level I Debridement & Destruction,250040,430.42
0012 - Level I Debridement & Destruction,250048,319.17
0012 - Level I Debridement & Destruction,250057,242.64
0012 - Level I Debridement & Destruction,250058,294.01
0012 - Level I Debridement & Destruction,250072,1245.3
0012 - Level I Debridement & Destruction,250078,162
0012 - Level I Debridement & Destruction,250102,300.56
0012 - Level I Debridement & Destruction,250138,367.42
0012 - Level I Debridement & Destruction,260006,154.98
0012 - Level I Debridement & Destruction,260009,305.75
0012 - Level I Debridement & Destruction,260011,269.59
0012 - Level I Debridement & Destruction,260015,666.95
0012 - Level I Debridement & Destruction,260017,956.17
0012 - Level I Debridement & Destruction,260020,140.15
0012 - Level I Debridement & Destruction,260032,1298.39
0012 - Level I Debridement & Destruction,260059,203.31
0012 - Level I Debridement & Destruction,260062,704.1
0012 - Level I Debridement & Destruction,260065,1522.66
0012 - Level I Debridement & Destruction,260068,231.63
0012 - Level I Debridement & Destruction,260077,355.42
0012 - Level I Debridement & Destruction,260091,259.75
0012 - Level I Debridement & Destruction,260095,808.06
0012 - Level I Debridement & Destruction,260096,292.27
0012 - Level I Debridement & Destruction,260097,326.25
0012 - Level I Debridement & Destruction,260113,192.38
0012 - Level I Debridement & Destruction,260119,375.84
0012 - Level I Debridement & Destruction,260138,562.8
0012 - Level I Debridement & Destruction,260141,126.37
0012 - Level I Debridement & Destruction,260163,253.19
0012 - Level I Debridement & Destruction,260179,325.16
0012 - Level I Debridement & Destruction,260180,352.17
0012 - Level I Debridement & Destruction,260195,103.17
0012 - Level I Debridement & Destruction,260200,829.16
0012 - Level I Debridement & Destruction,260207,232.52
0012 - Level I Debridement & Destruction,260216,740.64
0012 - Level I Debridement & Destruction,260219,182.67
0012 - Level I Debridement & Destruction,270003,197.16
0012 - Level I Debridement & Destruction,270004,103.98
0012 - Level I Debridement & Destruction,270012,152.48
0012 - Level I Debridement & Destruction,270014,172.37
0012 - Level I Debridement & Destruction,270023,249.45
0012 - Level I Debridement & Destruction,270049,298.01
0012 - Level I Debridement & Destruction,270051,147.67
0012 - Level I Debridement & Destruction,270057,138.15
0012 - Level I Debridement & Destruction,280003,403.82
0012 - Level I Debridement & Destruction,280009,191.08
0012 - Level I Debridement & Destruction,280020,249.04
0012 - Level I Debridement & Destruction,280023,422.99
0012 - Level I Debridement & Destruction,280032,255.63
0012 - Level I Debridement & Destruction,280040,188
0012 - Level I Debridement & Destruction,280060,274
0012 - Level I Debridement & Destruction,280065,222.46
0012 - Level I Debridement & Destruction,280077,298.9
0012 - Level I Debridement & Destruction,280111,268.14
0012 - Level I Debridement & Destruction,280125,385.09
0012 - Level I Debridement & Destruction,290001,417.22
0012 - Level I Debridement & Destruction,290003,1131.26
0012 - Level I Debridement & Destruction,290005,200.07
0012 - Level I Debridement & Destruction,290007,874.77
0012 - Level I Debridement & Destruction,290009,1145.37
0012 - Level I Debridement & Destruction,290019,371.68
0012 - Level I Debridement & Destruction,290041,849.39
0012 - Level I Debridement & Destruction,300001,159.48
0012 - Level I Debridement & Destruction,300003,230.71
0012 - Level I Debridement & Destruction,300005,163.97
0012 - Level I Debridement & Destruction,300011,194.85
0012 - Level I Debridement & Destruction,300012,328.61
0012 - Level I Debridement & Destruction,300014,215.7
0012 - Level I Debridement & Destruction,300017,557.79
0012 - Level I Debridement & Destruction,300018,342.83
0012 - Level I Debridement & Destruction,300019,253.84
0012 - Level I Debridement & Destruction,300023,516.52
0012 - Level I Debridement & Destruction,300029,522.96
0012 - Level I Debridement & Destruction,300034,363.96
0012 - Level I Debridement & Destruction,310001,184.4
0012 - Level I Debridement & Destruction,310024,540.63
0012 - Level I Debridement & Destruction,310027,348.94
0012 - Level I Debridement & Destruction,310028,359.16
0012 - Level I Debridement & Destruction,310031,202.15
0012 - Level I Debridement & Destruction,310038,325.8
0012 - Level I Debridement & Destruction,310039,422.04
0012 - Level I Debridement & Destruction,310048,332.75
0012 - Level I Debridement & Destruction,310051,451.83
0012 - Level I Debridement & Destruction,310052,386.5
0012 - Level I Debridement & Destruction,310060,478.62
0012 - Level I Debridement & Destruction,310064,1353.14
0012 - Level I Debridement & Destruction,310070,385
0012 - Level I Debridement & Destruction,310073,529.32
0012 - Level I Debridement & Destruction,310076,411.04
0012 - Level I Debridement & Destruction,310091,334.5
0012 - Level I Debridement & Destruction,310108,302.52
0012 - Level I Debridement & Destruction,310110,2776.2
0012 - Level I Debridement & Destruction,310113,523.44
0012 - Level I Debridement & Destruction,320001,555.51
0012 - Level I Debridement & Destruction,320002,599.19
0012 - Level I Debridement & Destruction,320004,925.54
0012 - Level I Debridement & Destruction,320005,301.26
0012 - Level I Debridement & Destruction,320013,178.89
0012 - Level I Debridement & Destruction,320018,300.78
0012 - Level I Debridement & Destruction,320021,2622.91
0012 - Level I Debridement & Destruction,330011,203.91
0012 - Level I Debridement & Destruction,330023,1204.88
0012 - Level I Debridement & Destruction,330044,29.98
0012 - Level I Debridement & Destruction,330049,151.11
0012 - Level I Debridement & Destruction,330058,166.67
0012 - Level I Debridement & Destruction,330065,214.62
0012 - Level I Debridement & Destruction,330079,252.63
0012 - Level I Debridement & Destruction,330084,136.79
0012 - Level I Debridement & Destruction,330094,219.43
0012 - Level I Debridement & Destruction,330101,625.02
0012 - Level I Debridement & Destruction,330103,209.25
0012 - Level I Debridement & Destruction,330125,334.03
0012 - Level I Debridement & Destruction,330126,204.76
0012 - Level I Debridement & Destruction,330136,75.05
0012 - Level I Debridement & Destruction,330140,398.31
0012 - Level I Debridement & Destruction,330141,296.94
0012 - Level I Debridement & Destruction,330157,77.45
0012 - Level I Debridement & Destruction,330158,952.12
0012 - Level I Debridement & Destruction,330162,313.71
0012 - Level I Debridement & Destruction,330167,501.71
0012 - Level I Debridement & Destruction,330169,208.95
0012 - Level I Debridement & Destruction,330191,169.96
0012 - Level I Debridement & Destruction,330195,945.36
0012 - Level I Debridement & Destruction,330197,188.48
0012 - Level I Debridement & Destruction,330201,653.39
0012 - Level I Debridement & Destruction,330214,1274.05
0012 - Level I Debridement & Destruction,330215,292
0012 - Level I Debridement & Destruction,330219,315.88
0012 - Level I Debridement & Destruction,330222,155.84
0012 - Level I Debridement & Destruction,330234,174.11
0012 - Level I Debridement & Destruction,330236,232
0012 - Level I Debridement & Destruction,330241,423.59
0012 - Level I Debridement & Destruction,330245,266.52
0012 - Level I Debridement & Destruction,330250,532.86
0012 - Level I Debridement & Destruction,330264,259.43
0012 - Level I Debridement & Destruction,330268,75.55
0012 - Level I Debridement & Destruction,330273,130.01
0012 - Level I Debridement & Destruction,330276,180.64
0012 - Level I Debridement & Destruction,330279,260.45
0012 - Level I Debridement & Destruction,330285,156.47
0012 - Level I Debridement & Destruction,330307,134.39
0012 - Level I Debridement & Destruction,330331,218.35
0012 - Level I Debridement & Destruction,330332,364
0012 - Level I Debridement & Destruction,330340,523.45
0012 - Level I Debridement & Destruction,330394,133.9
0012 - Level I Debridement & Destruction,330399,306.54
0012 - Level I Debridement & Destruction,340001,429.19
0012 - Level I Debridement & Destruction,340002,349.45
0012 - Level I Debridement & Destruction,340008,524.15
0012 - Level I Debridement & Destruction,340010,285.57
0012 - Level I Debridement & Destruction,340013,311.37
0012 - Level I Debridement & Destruction,340014,112.63
0012 - Level I Debridement & Destruction,340016,271.63
0012 - Level I Debridement & Destruction,340017,223.76
0012 - Level I Debridement & Destruction,340020,394.11
0012 - Level I Debridement & Destruction,340021,265.56
0012 - Level I Debridement & Destruction,340023,264.21
0012 - Level I Debridement & Destruction,340024,311.48
0012 - Level I Debridement & Destruction,340030,685.89
0012 - Level I Debridement & Destruction,340032,445.36
0012 - Level I Debridement & Destruction,340039,330.78
0012 - Level I Debridement & Destruction,340040,309.59
0012 - Level I Debridement & Destruction,340041,229.98
0012 - Level I Debridement & Destruction,340042,217.98
0012 - Level I Debridement & Destruction,340047,146.62
0012 - Level I Debridement & Destruction,340049,228.72
0012 - Level I Debridement & Destruction,340051,197.27
0012 - Level I Debridement & Destruction,340061,2680.97
0012 - Level I Debridement & Destruction,340064,155.72
0012 - Level I Debridement & Destruction,340069,684.42
0012 - Level I Debridement & Destruction,340070,236.03
0012 - Level I Debridement & Destruction,340071,556.1
0012 - Level I Debridement & Destruction,340073,228.84
0012 - Level I Debridement & Destruction,340090,277.69
0012 - Level I Debridement & Destruction,340091,325.28
0012 - Level I Debridement & Destruction,340096,278.71
0012 - Level I Debridement & Destruction,340099,632.4
0012 - Level I Debridement & Destruction,340106,272.63
0012 - Level I Debridement & Destruction,340109,305.8
0012 - Level I Debridement & Destruction,340113,856.38
0012 - Level I Debridement & Destruction,340114,278.41
0012 - Level I Debridement & Destruction,340115,215.29
0012 - Level I Debridement & Destruction,340116,864.98
0012 - Level I Debridement & Destruction,340126,388.48
0012 - Level I Debridement & Destruction,340131,402.81
0012 - Level I Debridement & Destruction,340142,244.87
0012 - Level I Debridement & Destruction,340143,431.76
0012 - Level I Debridement & Destruction,340144,462.57
0012 - Level I Debridement & Destruction,340151,181.96
0012 - Level I Debridement & Destruction,340184,364.96
0012 - Level I Debridement & Destruction,350002,110.51
0012 - Level I Debridement & Destruction,350006,206.9
0012 - Level I Debridement & Destruction,350011,206.98
0012 - Level I Debridement & Destruction,350015,132.25
0012 - Level I Debridement & Destruction,350019,192.31
0012 - Level I Debridement & Destruction,350070,288.79
0012 - Level I Debridement & Destruction,360003,473.64
0012 - Level I Debridement & Destruction,360009,598.02
0012 - Level I Debridement & Destruction,360011,1550.38
0012 - Level I Debridement & Destruction,360020,544.73
0012 - Level I Debridement & Destruction,360025,222.97
0012 - Level I Debridement & Destruction,360027,393.98
0012 - Level I Debridement & Destruction,360029,154.62
0012 - Level I Debridement & Destruction,360032,275.97
0012 - Level I Debridement & Destruction,360037,254.48
0012 - Level I Debridement & Destruction,360039,459.24
0012 - Level I Debridement & Destruction,360040,162.49
0012 - Level I Debridement & Destruction,360048,522.76
0012 - Level I Debridement & Destruction,360054,138.67
0012 - Level I Debridement & Destruction,360055,976.41
0012 - Level I Debridement & Destruction,360058,119.77
0012 - Level I Debridement & Destruction,360059,356.17
0012 - Level I Debridement & Destruction,360066,306.93
0012 - Level I Debridement & Destruction,360068,257.75
0012 - Level I Debridement & Destruction,360070,376.92
0012 - Level I Debridement & Destruction,360072,156.07
0012 - Level I Debridement & Destruction,360078,274.63
0012 - Level I Debridement & Destruction,360086,435.32
0012 - Level I Debridement & Destruction,360087,344
0012 - Level I Debridement & Destruction,360090,241.47
0012 - Level I Debridement & Destruction,360095,259.76
0012 - Level I Debridement & Destruction,360098,203.18
0012 - Level I Debridement & Destruction,360118,234.59
0012 - Level I Debridement & Destruction,360125,120.04
0012 - Level I Debridement & Destruction,360132,181.29
0012 - Level I Debridement & Destruction,360144,281
0012 - Level I Debridement & Destruction,360145,241.39
0012 - Level I Debridement & Destruction,360147,222.02
0012 - Level I Debridement & Destruction,360155,265.67
0012 - Level I Debridement & Destruction,360159,106.22
0012 - Level I Debridement & Destruction,360163,317.25
0012 - Level I Debridement & Destruction,360179,951.45
0012 - Level I Debridement & Destruction,360180,162.64
0012 - Level I Debridement & Destruction,360203,618.15
0012 - Level I Debridement & Destruction,360211,462.69
0012 - Level I Debridement & Destruction,360218,204.69
0012 - Level I Debridement & Destruction,360236,646.05
0012 - Level I Debridement & Destruction,360239,167.51
0012 - Level I Debridement & Destruction,360351,322.33
0012 - Level I Debridement & Destruction,370008,346.93
0012 - Level I Debridement & Destruction,370011,385.51
0012 - Level I Debridement & Destruction,370013,932.47
0012 - Level I Debridement & Destruction,370015,363.38
0012 - Level I Debridement & Destruction,370020,209.07
0012 - Level I Debridement & Destruction,370023,154.4
0012 - Level I Debridement & Destruction,370025,377.83
0012 - Level I Debridement & Destruction,370026,290.9
0012 - Level I Debridement & Destruction,370028,418
0012 - Level I Debridement & Destruction,370032,319.2
0012 - Level I Debridement & Destruction,370034,240.37
0012 - Level I Debridement & Destruction,370037,266.84
0012 - Level I Debridement & Destruction,370049,421.23
0012 - Level I Debridement & Destruction,370056,230.38
0012 - Level I Debridement & Destruction,370078,1007.43
0012 - Level I Debridement & Destruction,370080,220.21
0012 - Level I Debridement & Destruction,370106,412.59
0012 - Level I Debridement & Destruction,370114,355.45
0012 - Level I Debridement & Destruction,370166,196.17
0012 - Level I Debridement & Destruction,370222,405
0012 - Level I Debridement & Destruction,380002,651.16
0012 - Level I Debridement & Destruction,380009,238.22
0012 - Level I Debridement & Destruction,380014,145.12
0012 - Level I Debridement & Destruction,380020,349.97
0012 - Level I Debridement & Destruction,380021,277.95
0012 - Level I Debridement & Destruction,380022,236.22
0012 - Level I Debridement & Destruction,380029,150.55
0012 - Level I Debridement & Destruction,380033,182.53
0012 - Level I Debridement & Destruction,380037,201.69
0012 - Level I Debridement & Destruction,380047,359.36
0012 - Level I Debridement & Destruction,380050,199.74
0012 - Level I Debridement & Destruction,380051,245.56
0012 - Level I Debridement & Destruction,380052,109.89
0012 - Level I Debridement & Destruction,380060,229.82
0012 - Level I Debridement & Destruction,380061,206.87
0012 - Level I Debridement & Destruction,380071,247.9
0012 - Level I Debridement & Destruction,380090,108.52
0012 - Level I Debridement & Destruction,380102,117.07
0012 - Level I Debridement & Destruction,390006,611.91
0012 - Level I Debridement & Destruction,390026,2544.25
0012 - Level I Debridement & Destruction,390028,202.68
0012 - Level I Debridement & Destruction,390031,298.06
0012 - Level I Debridement & Destruction,390032,424.94
0012 - Level I Debridement & Destruction,390041,154.82
0012 - Level I Debridement & Destruction,390042,298.07
0012 - Level I Debridement & Destruction,390044,728.28
0012 - Level I Debridement & Destruction,390049,172.9
0012 - Level I Debridement & Destruction,390050,538.93
0012 - Level I Debridement & Destruction,390052,143.19
0012 - Level I Debridement & Destruction,390058,709.18
0012 - Level I Debridement & Destruction,390062,121.83
0012 - Level I Debridement & Destruction,390063,198.08
0012 - Level I Debridement & Destruction,390066,235.35
0012 - Level I Debridement & Destruction,390067,160.06
0012 - Level I Debridement & Destruction,390076,239.28
0012 - Level I Debridement & Destruction,390079,761
0012 - Level I Debridement & Destruction,390086,133.98
0012 - Level I Debridement & Destruction,390091,264.53
0012 - Level I Debridement & Destruction,390093,188.26
0012 - Level I Debridement & Destruction,390096,141.22
0012 - Level I Debridement & Destruction,390102,593.27
0012 - Level I Debridement & Destruction,390111,209.94
0012 - Level I Debridement & Destruction,390113,313
0012 - Level I Debridement & Destruction,390123,907.62
0012 - Level I Debridement & Destruction,390137,1427.78
0012 - Level I Debridement & Destruction,390138,608.78
0012 - Level I Debridement & Destruction,390139,1147.93
0012 - Level I Debridement & Destruction,390150,311.39
0012 - Level I Debridement & Destruction,390151,269.77
0012 - Level I Debridement & Destruction,390156,2204.3
0012 - Level I Debridement & Destruction,390162,386.36
0012 - Level I Debridement & Destruction,390163,272.13
0012 - Level I Debridement & Destruction,390164,2154.84
0012 - Level I Debridement & Destruction,390174,1206.9
0012 - Level I Debridement & Destruction,390197,905.71
0012 - Level I Debridement & Destruction,390198,297.22
0012 - Level I Debridement & Destruction,390201,405.64
0012 - Level I Debridement & Destruction,390204,211.89
0012 - Level I Debridement & Destruction,390220,394
0012 - Level I Debridement & Destruction,390223,130.68
0012 - Level I Debridement & Destruction,390225,272
0012 - Level I Debridement & Destruction,390233,140.74
0012 - Level I Debridement & Destruction,390256,188.97
0012 - Level I Debridement & Destruction,390258,355
0012 - Level I Debridement & Destruction,390266,304.44
0012 - Level I Debridement & Destruction,390267,734.6
0012 - Level I Debridement & Destruction,390268,253.27
0012 - Level I Debridement & Destruction,390270,662.92
0012 - Level I Debridement & Destruction,390321,438.64
0012 - Level I Debridement & Destruction,410005,1056.96
0012 - Level I Debridement & Destruction,410006,407.06
0012 - Level I Debridement & Destruction,410007,492.43
0012 - Level I Debridement & Destruction,410008,121.24
0012 - Level I Debridement & Destruction,420002,1212.89
0012 - Level I Debridement & Destruction,420004,307.56
0012 - Level I Debridement & Destruction,420007,333.81
0012 - Level I Debridement & Destruction,420009,300.76
0012 - Level I Debridement & Destruction,420010,504.44
0012 - Level I Debridement & Destruction,420015,255.08
0012 - Level I Debridement & Destruction,420020,209.2
0012 - Level I Debridement & Destruction,420023,497.92
0012 - Level I Debridement & Destruction,420026,211
0012 - Level I Debridement & Destruction,420027,2932.15
0012 - Level I Debridement & Destruction,420036,2922.94
0012 - Level I Debridement & Destruction,420038,234.28
0012 - Level I Debridement & Destruction,420043,277.95
0012 - Level I Debridement & Destruction,420049,358.49
0012 - Level I Debridement & Destruction,420051,242.82
0012 - Level I Debridement & Destruction,420053,427.61
0012 - Level I Debridement & Destruction,420067,155.54
0012 - Level I Debridement & Destruction,420068,377.62
0012 - Level I Debridement & Destruction,420069,226.43
0012 - Level I Debridement & Destruction,420070,232.81
0012 - Level I Debridement & Destruction,420071,298.06
0012 - Level I Debridement & Destruction,420073,633.97
0012 - Level I Debridement & Destruction,420079,981.18
0012 - Level I Debridement & Destruction,420082,367
0012 - Level I Debridement & Destruction,420085,1348.66
0012 - Level I Debridement & Destruction,420087,186.71
0012 - Level I Debridement & Destruction,420089,151.81
0012 - Level I Debridement & Destruction,420101,322.33
0012 - Level I Debridement & Destruction,430005,128.57
0012 - Level I Debridement & Destruction,430008,167.83
0012 - Level I Debridement & Destruction,430012,251.46
0012 - Level I Debridement & Destruction,430013,312.78
0012 - Level I Debridement & Destruction,430014,201.69
0012 - Level I Debridement & Destruction,430015,122.89
0012 - Level I Debridement & Destruction,430016,167.15
0012 - Level I Debridement & Destruction,430027,364.3
0012 - Level I Debridement & Destruction,430048,219.54
0012 - Level I Debridement & Destruction,430077,222.18
0012 - Level I Debridement & Destruction,440002,165.74
0012 - Level I Debridement & Destruction,440003,423.31
0012 - Level I Debridement & Destruction,440017,421.39
0012 - Level I Debridement & Destruction,440025,262.34
0012 - Level I Debridement & Destruction,440034,257.36
0012 - Level I Debridement & Destruction,440035,350.95
0012 - Level I Debridement & Destruction,440039,551.92
0012 - Level I Debridement & Destruction,440049,1553.82
0012 - Level I Debridement & Destruction,440050,191.86
0012 - Level I Debridement & Destruction,440065,259.62
0012 - Level I Debridement & Destruction,440109,375.44
0012 - Level I Debridement & Destruction,440132,175.75
0012 - Level I Debridement & Destruction,440133,518.23
0012 - Level I Debridement & Destruction,440137,355.96
0012 - Level I Debridement & Destruction,440144,607.84
0012 - Level I Debridement & Destruction,440185,400.83
0012 - Level I Debridement & Destruction,440197,451.03
0012 - Level I Debridement & Destruction,440228,2190.55
0012 - Level I Debridement & Destruction,450002,993.27
0012 - Level I Debridement & Destruction,450007,263.98
0012 - Level I Debridement & Destruction,450010,301.13
0012 - Level I Debridement & Destruction,450011,433.79
0012 - Level I Debridement & Destruction,450015,500.61
0012 - Level I Debridement & Destruction,450021,300.08
0012 - Level I Debridement & Destruction,450028,262.04
0012 - Level I Debridement & Destruction,450029,473.49
0012 - Level I Debridement & Destruction,450033,642.77
0012 - Level I Debridement & Destruction,450034,315.79
0012 - Level I Debridement & Destruction,450037,243.21
0012 - Level I Debridement & Destruction,450040,125.33
0012 - Level I Debridement & Destruction,450042,253.15
0012 - Level I Debridement & Destruction,450044,272.94
0012 - Level I Debridement & Destruction,450051,181.31
0012 - Level I Debridement & Destruction,450054,390.66
0012 - Level I Debridement & Destruction,450058,390
0012 - Level I Debridement & Destruction,450079,334.17
0012 - Level I Debridement & Destruction,450092,265
0012 - Level I Debridement & Destruction,450099,407.21
0012 - Level I Debridement & Destruction,450102,314.81
0012 - Level I Debridement & Destruction,450104,236.45
0012 - Level I Debridement & Destruction,450107,2111.14
0012 - Level I Debridement & Destruction,450108,383.26
0012 - Level I Debridement & Destruction,450132,375.23
0012 - Level I Debridement & Destruction,450137,303.35
0012 - Level I Debridement & Destruction,450152,389.48
0012 - Level I Debridement & Destruction,450177,332.55
0012 - Level I Debridement & Destruction,450184,523.37
0012 - Level I Debridement & Destruction,450200,502.8
0012 - Level I Debridement & Destruction,450203,363.37
0012 - Level I Debridement & Destruction,450209,406.07
0012 - Level I Debridement & Destruction,450213,211.55
0012 - Level I Debridement & Destruction,450222,965.08
0012 - Level I Debridement & Destruction,450229,505.8
0012 - Level I Debridement & Destruction,450271,257.33
0012 - Level I Debridement & Destruction,450272,334.87
0012 - Level I Debridement & Destruction,450280,290.75
0012 - Level I Debridement & Destruction,450289,233.76
0012 - Level I Debridement & Destruction,450299,374.99
0012 - Level I Debridement & Destruction,450324,330.5
0012 - Level I Debridement & Destruction,450330,235.07
0012 - Level I Debridement & Destruction,450340,373.02
0012 - Level I Debridement & Destruction,450346,500.88
0012 - Level I Debridement & Destruction,450351,321.35
0012 - Level I Debridement & Destruction,450352,382.73
0012 - Level I Debridement & Destruction,450372,323.75
0012 - Level I Debridement & Destruction,450379,718.54
0012 - Level I Debridement & Destruction,450388,1841.75
0012 - Level I Debridement & Destruction,450424,483.32
0012 - Level I Debridement & Destruction,450431,530.89
0012 - Level I Debridement & Destruction,450462,395.53
0012 - Level I Debridement & Destruction,450469,762.89
0012 - Level I Debridement & Destruction,450518,361.81
0012 - Level I Debridement & Destruction,450571,266.73
0012 - Level I Debridement & Destruction,450604,239.07
0012 - Level I Debridement & Destruction,450617,896.53
0012 - Level I Debridement & Destruction,450639,341.43
0012 - Level I Debridement & Destruction,450644,307.65
0012 - Level I Debridement & Destruction,450651,413.18
0012 - Level I Debridement & Destruction,450654,870.53
0012 - Level I Debridement & Destruction,450656,292.69
0012 - Level I Debridement & Destruction,450661,263.72
0012 - Level I Debridement & Destruction,450670,1331.87
0012 - Level I Debridement & Destruction,450690,195.49
0012 - Level I Debridement & Destruction,450697,593.09
0012 - Level I Debridement & Destruction,450702,580.08
0012 - Level I Debridement & Destruction,450713,610.71
0012 - Level I Debridement & Destruction,450730,392.64
0012 - Level I Debridement & Destruction,450747,605.85
0012 - Level I Debridement & Destruction,450771,574.38
0012 - Level I Debridement & Destruction,450775,578.62
0012 - Level I Debridement & Destruction,450809,520.22
0012 - Level I Debridement & Destruction,450820,337.25
0012 - Level I Debridement & Destruction,450844,785.16
0012 - Level I Debridement & Destruction,450848,528.2
0012 - Level I Debridement & Destruction,450862,286.66
0012 - Level I Debridement & Destruction,450869,466.48
0012 - Level I Debridement & Destruction,450893,395.01
0012 - Level I Debridement & Destruction,460001,490.51
0012 - Level I Debridement & Destruction,460003,180
0012 - Level I Debridement & Destruction,460004,1127.66
0012 - Level I Debridement & Destruction,460006,193.41
0012 - Level I Debridement & Destruction,460007,297.64
0012 - Level I Debridement & Destruction,460009,195.03
0012 - Level I Debridement & Destruction,460010,195.85
0012 - Level I Debridement & Destruction,460015,399.04
0012 - Level I Debridement & Destruction,460021,298.65
0012 - Level I Debridement & Destruction,460023,493.7
0012 - Level I Debridement & Destruction,460026,161.2
0012 - Level I Debridement & Destruction,460035,404.65
0012 - Level I Debridement & Destruction,460041,353.26
0012 - Level I Debridement & Destruction,460051,200.55
0012 - Level I Debridement & Destruction,470001,134.6
0012 - Level I Debridement & Destruction,470003,427.91
0012 - Level I Debridement & Destruction,470005,222.34
0012 - Level I Debridement & Destruction,470012,106.48
0012 - Level I Debridement & Destruction,490001,140.09
0012 - Level I Debridement & Destruction,490004,213.37
0012 - Level I Debridement & Destruction,490005,383.92
0012 - Level I Debridement & Destruction,490007,1513.87
0012 - Level I Debridement & Destruction,490009,415.1
0012 - Level I Debridement & Destruction,490018,184.58
0012 - Level I Debridement & Destruction,490022,456.72
0012 - Level I Debridement & Destruction,490023,369.58
0012 - Level I Debridement & Destruction,490024,142.87
0012 - Level I Debridement & Destruction,490032,220.26
0012 - Level I Debridement & Destruction,490041,797.07
0012 - Level I Debridement & Destruction,490043,100
0012 - Level I Debridement & Destruction,490044,270.73
0012 - Level I Debridement & Destruction,490046,262.1
0012 - Level I Debridement & Destruction,490048,570.92
0012 - Level I Debridement & Destruction,490052,1151.16
0012 - Level I Debridement & Destruction,490053,136.72
0012 - Level I Debridement & Destruction,490057,423.56
0012 - Level I Debridement & Destruction,490059,198.85
0012 - Level I Debridement & Destruction,490066,532.09
0012 - Level I Debridement & Destruction,490069,555.91
0012 - Level I Debridement & Destruction,490075,370.49
0012 - Level I Debridement & Destruction,490077,356.27
0012 - Level I Debridement & Destruction,490093,295.29
0012 - Level I Debridement & Destruction,490113,253.14
0012 - Level I Debridement & Destruction,490119,326.71
0012 - Level I Debridement & Destruction,490120,669.58
0012 - Level I Debridement & Destruction,490122,100
0012 - Level I Debridement & Destruction,500003,166.52
0012 - Level I Debridement & Destruction,500005,212.88
0012 - Level I Debridement & Destruction,500007,155.45
0012 - Level I Debridement & Destruction,500008,262.85
0012 - Level I Debridement & Destruction,500014,233.8
0012 - Level I Debridement & Destruction,500015,399.48
0012 - Level I Debridement & Destruction,500024,396.34
0012 - Level I Debridement & Destruction,500025,275
0012 - Level I Debridement & Destruction,500026,264.31
0012 - Level I Debridement & Destruction,500030,265.13
0012 - Level I Debridement & Destruction,500031,231.37
0012 - Level I Debridement & Destruction,500036,284.01
0012 - Level I Debridement & Destruction,500039,369.32
0012 - Level I Debridement & Destruction,500041,215.73
0012 - Level I Debridement & Destruction,500050,285.14
0012 - Level I Debridement & Destruction,500053,102.71
0012 - Level I Debridement & Destruction,500058,263.88
0012 - Level I Debridement & Destruction,500060,198.27
0012 - Level I Debridement & Destruction,500064,1063.59
0012 - Level I Debridement & Destruction,500072,139.04
0012 - Level I Debridement & Destruction,500079,497.85
0012 - Level I Debridement & Destruction,500088,677.53
0012 - Level I Debridement & Destruction,500108,567.54
0012 - Level I Debridement & Destruction,500129,490.31
0012 - Level I Debridement & Destruction,500139,367.11
0012 - Level I Debridement & Destruction,500148,152.05
0012 - Level I Debridement & Destruction,510001,291.9
0012 - Level I Debridement & Destruction,510008,260.34
0012 - Level I Debridement & Destruction,510022,549.19
0012 - Level I Debridement & Destruction,510024,147.38
0012 - Level I Debridement & Destruction,510038,182.29
0012 - Level I Debridement & Destruction,510050,147.14
0012 - Level I Debridement & Destruction,510055,146.46
0012 - Level I Debridement & Destruction,510058,129.73
0012 - Level I Debridement & Destruction,520002,131.32
0012 - Level I Debridement & Destruction,520004,191.1
0012 - Level I Debridement & Destruction,520008,312.69
0012 - Level I Debridement & Destruction,520009,202.7
0012 - Level I Debridement & Destruction,520017,227.39
0012 - Level I Debridement & Destruction,520019,176.95
0012 - Level I Debridement & Destruction,520021,415.88
0012 - Level I Debridement & Destruction,520027,181.19
0012 - Level I Debridement & Destruction,520028,139.18
0012 - Level I Debridement & Destruction,520030,177.19
0012 - Level I Debridement & Destruction,520033,242.38
0012 - Level I Debridement & Destruction,520037,328.99
0012 - Level I Debridement & Destruction,520038,312.59
0012 - Level I Debridement & Destruction,520044,192.96
0012 - Level I Debridement & Destruction,520045,175.22
0012 - Level I Debridement & Destruction,520048,1519.46
0012 - Level I Debridement & Destruction,520049,264.16
0012 - Level I Debridement & Destruction,520051,154.85
0012 - Level I Debridement & Destruction,520059,315.65
0012 - Level I Debridement & Destruction,520063,289.8
0012 - Level I Debridement & Destruction,520066,195.65
0012 - Level I Debridement & Destruction,520071,207.46
0012 - Level I Debridement & Destruction,520075,193
0012 - Level I Debridement & Destruction,520078,474.95
0012 - Level I Debridement & Destruction,520087,216.75
0012 - Level I Debridement & Destruction,520088,123.57
0012 - Level I Debridement & Destruction,520089,75.37
0012 - Level I Debridement & Destruction,520091,235.65
0012 - Level I Debridement & Destruction,520096,207.55
0012 - Level I Debridement & Destruction,520098,461.54
0012 - Level I Debridement & Destruction,520100,166.03
0012 - Level I Debridement & Destruction,520102,349.94
0012 - Level I Debridement & Destruction,520103,220.13
0012 - Level I Debridement & Destruction,520107,192.52
0012 - Level I Debridement & Destruction,520113,140.5
0012 - Level I Debridement & Destruction,520136,216.12
0012 - Level I Debridement & Destruction,520138,408.61
0012 - Level I Debridement & Destruction,520139,309.82
0012 - Level I Debridement & Destruction,520160,169.7
0012 - Level I Debridement & Destruction,520177,167.79
0012 - Level I Debridement & Destruction,520189,666.82
0012 - Level I Debridement & Destruction,520193,292.43
0012 - Level I Debridement & Destruction,520196,281.91
0012 - Level I Debridement & Destruction,520198,305.75
0012 - Level I Debridement & Destruction,520207,266.61
0012 - Level I Debridement & Destruction,530008,380.44
0012 - Level I Debridement & Destruction,530012,423.21
0012 - Level I Debridement & Destruction,530014,176.65
0012 - Level I Debridement & Destruction,670019,1187.97
0012 - Level I Debridement & Destruction,670024,1085
0012 - Level I Debridement & Destruction,670025,261.34
0012 - Level I Debridement & Destruction,670031,284.05
0012 - Level I Debridement & Destruction,670034,630.53
0012 - Level I Debridement & Destruction,670043,322.76
0012 - Level I Debridement & Destruction,670077,657.34